Component Type,Component Name,Action,Status,Developer,Deployment Date,Notes
Apex Class,GCPCalloutForAccountSummary,Create,Deployed to DevGss,Karthik Bharadwaj,2026-09-29,One selector query per list (13 SOQL) using SObjectField tokens; POST /api/v1/account_summary via GCPAuthUtil; branches on body.statusCode; PlatformLog for errors
Apex Class,Test_GCPCalloutForAccountSummary,Create,Deployed to DevGss,Karthik Bharadwaj,2026-09-29,16 Apex tests passed (with Test_RedAccountSelector); GCPCalloutForAccountSummary coverage 97.0% (deploy 0AfTH00000IINew0AH)
Apex Class,RedAccountSelector,Create,Deployed to DevGss,Karthik Bharadwaj,2026-09-29,New selector for Red_Account__c (none existed)
Apex Class,Test_RedAccountSelector,Create,Deployed to DevGss,Karthik Bharadwaj,2026-09-29,Selector tests; RedAccountSelector coverage 100%
Lightning Web Component,aiAccountSummary,Create,Deployed to DevGss,Karthik Bharadwaj,2026-09-29,"Label ""AI Account Summary""; layout A; rich text for <strong> prose; 20 Jest tests pass. Named aiAccountSummary because accountSummary (Shubham Prabhakar prototype) and accountAISummary already exist"
Custom Field,GCP_Feature_Toggle__c.IsAccountSummaryEnabled__c,Create,Deployed to DevGss,Karthik Bharadwaj,2026-09-29,Feature switch; default false
Custom Field,GCP_Feature_Toggle__c.IsAccountSummaryEnrichmentEnabled__c,Create,Deployed to DevGss,Karthik Bharadwaj,2026-09-29,Web research request flag; default false
FlexiPage,Account_Record_Page2,Modify,Planned,Karthik Bharadwaj,,Org default Account page for RC Sales View + System Administrator; not yet retrieved or changed
Label,AccountSummaryCacheHours,Create,Deployed to DevGss,Karthik Bharadwaj,2026-09-29,
Label,AccountSummaryCacheMaxKB,Create,Deployed to DevGss,Karthik Bharadwaj,2026-09-29,
Label,AccountSummaryTimeoutSeconds,Create,Deployed to DevGss,Karthik Bharadwaj,2026-09-29,
Label,AccountSummaryServerError,Create,Deployed to DevGss,Karthik Bharadwaj,2026-09-29,
Label,AccountSummaryRateLimitError,Create,Deployed to DevGss,Karthik Bharadwaj,2026-09-29,
Label,AccountSummaryUnavailableError,Create,Deployed to DevGss,Karthik Bharadwaj,2026-09-29,
Label,AccountSummaryGenericError,Create,Deployed to DevGss,Karthik Bharadwaj,2026-09-29,
Label,AccountSummaryMissingRecord,Create,Deployed to DevGss,Karthik Bharadwaj,2026-09-29,
Label,AccountSummaryEmptyMessage,Create,Deployed to DevGss,Karthik Bharadwaj,2026-09-29,
Label,AccountSummaryLoading1,Create,Deployed to DevGss,Karthik Bharadwaj,2026-09-29,
Label,AccountSummaryLoading2,Create,Deployed to DevGss,Karthik Bharadwaj,2026-09-29,
Label,AccountSummaryLoading3,Create,Deployed to DevGss,Karthik Bharadwaj,2026-09-29,
Label,AccountSummaryLoading4,Create,Deployed to DevGss,Karthik Bharadwaj,2026-09-29,
Label,AccountSummaryLoading5,Create,Deployed to DevGss,Karthik Bharadwaj,2026-09-29,
Label,AccountSummaryLoading6,Create,Deployed to DevGss,Karthik Bharadwaj,2026-09-29,
Label,AccountSummaryTitle,Create,Deployed to DevGss,Karthik Bharadwaj,2026-09-29,
Label,AccountSummaryModalTitle,Create,Deployed to DevGss,Karthik Bharadwaj,2026-09-29,
Label,AccountSummaryBetaChip,Create,Deployed to DevGss,Karthik Bharadwaj,2026-09-29,
Label,AccountSummaryCloseButton,Create,Deployed to DevGss,Karthik Bharadwaj,2026-09-29,
Label,AccountSummaryWorkingEyebrow,Create,Deployed to DevGss,Karthik Bharadwaj,2026-09-29,
Label,AccountSummaryWorkingTitle,Create,Deployed to DevGss,Karthik Bharadwaj,2026-09-29,
Label,AccountSummaryWorkingHint,Create,Deployed to DevGss,Karthik Bharadwaj,2026-09-29,
Label,AccountSummaryErrorEyebrow,Create,Deployed to DevGss,Karthik Bharadwaj,2026-09-29,
Label,AccountSummaryErrorTitle,Create,Deployed to DevGss,Karthik Bharadwaj,2026-09-29,
Label,AccountSummaryErrorIcon,Create,Deployed to DevGss,Karthik Bharadwaj,2026-09-29,
Label,AccountSummaryRetryButton,Create,Deployed to DevGss,Karthik Bharadwaj,2026-09-29,
Label,AccountSummaryReadyEyebrow,Create,Deployed to DevGss,Karthik Bharadwaj,2026-09-29,
Label,AccountSummaryReadyTitle,Create,Deployed to DevGss,Karthik Bharadwaj,2026-09-29,
Label,AccountSummaryReadyHint,Create,Deployed to DevGss,Karthik Bharadwaj,2026-09-29,
Label,AccountSummaryReadyIcon,Create,Deployed to DevGss,Karthik Bharadwaj,2026-09-29,
Label,AccountSummaryViewButton,Create,Deployed to DevGss,Karthik Bharadwaj,2026-09-29,
Label,AccountSummaryIdleEyebrow,Create,Deployed to DevGss,Karthik Bharadwaj,2026-09-29,
Label,AccountSummaryIdleTitle,Create,Deployed to DevGss,Karthik Bharadwaj,2026-09-29,
Label,AccountSummaryIdleHint,Create,Deployed to DevGss,Karthik Bharadwaj,2026-09-29,
Label,AccountSummaryGenerateButton,Create,Deployed to DevGss,Karthik Bharadwaj,2026-09-29,
Label,AccountSummaryRefreshButton,Create,Deployed to DevGss,Karthik Bharadwaj,2026-09-29,
Label,AccountSummaryPoweredBy,Create,Deployed to DevGss,Karthik Bharadwaj,2026-09-29,
Label,AccountSummaryGeneratedNow,Create,Deployed to DevGss,Karthik Bharadwaj,2026-09-29,
Label,AccountSummaryGeneratedMinute,Create,Deployed to DevGss,Karthik Bharadwaj,2026-09-29,
Label,AccountSummaryGeneratedMinutes,Create,Deployed to DevGss,Karthik Bharadwaj,2026-09-29,
Label,AccountSummaryGeneratedHour,Create,Deployed to DevGss,Karthik Bharadwaj,2026-09-29,
Label,AccountSummaryGeneratedHours,Create,Deployed to DevGss,Karthik Bharadwaj,2026-09-29,
Label,AccountSummaryElapsed,Create,Deployed to DevGss,Karthik Bharadwaj,2026-09-29,
Label,AccountSummaryNotRecorded,Create,Deployed to DevGss,Karthik Bharadwaj,2026-09-29,
Label,AccountSummaryAsOf,Create,Deployed to DevGss,Karthik Bharadwaj,2026-09-29,
Label,AccountSummarySectionHeader,Create,Deployed to DevGss,Karthik Bharadwaj,2026-09-29,
Label,AccountSummarySectionMetrics,Create,Deployed to DevGss,Karthik Bharadwaj,2026-09-29,
Label,AccountSummarySectionSignals,Create,Deployed to DevGss,Karthik Bharadwaj,2026-09-29,
Label,AccountSummarySectionOpportunities,Create,Deployed to DevGss,Karthik Bharadwaj,2026-09-29,
Label,AccountSummarySectionCases,Create,Deployed to DevGss,Karthik Bharadwaj,2026-09-29,
Label,AccountSummarySectionContacts,Create,Deployed to DevGss,Karthik Bharadwaj,2026-09-29,
Label,AccountSummarySectionFlag,Create,Deployed to DevGss,Karthik Bharadwaj,2026-09-29,
Label,AccountSummarySectionActions,Create,Deployed to DevGss,Karthik Bharadwaj,2026-09-29,
Label,AccountSummarySectionHistory,Create,Deployed to DevGss,Karthik Bharadwaj,2026-09-29,
Label,AccountSummarySectionResearch,Create,Deployed to DevGss,Karthik Bharadwaj,2026-09-29,
Label,AccountSummaryFieldAccount,Create,Deployed to DevGss,Karthik Bharadwaj,2026-09-29,
Label,AccountSummaryFieldIndustry,Create,Deployed to DevGss,Karthik Bharadwaj,2026-09-29,
Label,AccountSummaryFieldLocation,Create,Deployed to DevGss,Karthik Bharadwaj,2026-09-29,
Label,AccountSummaryFieldTypeStatus,Create,Deployed to DevGss,Karthik Bharadwaj,2026-09-29,
Label,AccountSummaryFieldTier,Create,Deployed to DevGss,Karthik Bharadwaj,2026-09-29,
Label,AccountSummaryFieldOwner,Create,Deployed to DevGss,Karthik Bharadwaj,2026-09-29,
Label,AccountSummaryFieldCsm,Create,Deployed to DevGss,Karthik Bharadwaj,2026-09-29,
Label,AccountSummaryFieldCustomerSince,Create,Deployed to DevGss,Karthik Bharadwaj,2026-09-29,
Label,AccountSummaryFieldRating,Create,Deployed to DevGss,Karthik Bharadwaj,2026-09-29,
Label,AccountSummaryFieldSource,Create,Deployed to DevGss,Karthik Bharadwaj,2026-09-29,
Label,AccountSummaryAgeMonths,Create,Deployed to DevGss,Karthik Bharadwaj,2026-09-29,
Label,AccountSummaryTileMrr,Create,Deployed to DevGss,Karthik Bharadwaj,2026-09-29,
Label,AccountSummaryTileMrrDetail,Create,Deployed to DevGss,Karthik Bharadwaj,2026-09-29,
Label,AccountSummaryTileTrajectory,Create,Deployed to DevGss,Karthik Bharadwaj,2026-09-29,
Label,AccountSummaryTileTrajectoryDetail,Create,Deployed to DevGss,Karthik Bharadwaj,2026-09-29,
Label,AccountSummaryTilePipeline,Create,Deployed to DevGss,Karthik Bharadwaj,2026-09-29,
Label,AccountSummaryTilePipelineDetail,Create,Deployed to DevGss,Karthik Bharadwaj,2026-09-29,
Label,AccountSummaryTilePipelineMixed,Create,Deployed to DevGss,Karthik Bharadwaj,2026-09-29,
Label,AccountSummaryTileCases,Create,Deployed to DevGss,Karthik Bharadwaj,2026-09-29,
Label,AccountSummaryTileCasesEscalated,Create,Deployed to DevGss,Karthik Bharadwaj,2026-09-29,
Label,AccountSummaryTileCasesOldest,Create,Deployed to DevGss,Karthik Bharadwaj,2026-09-29,
Label,AccountSummaryTileLicenses,Create,Deployed to DevGss,Karthik Bharadwaj,2026-09-29,
Label,AccountSummaryTileLicensesDetail,Create,Deployed to DevGss,Karthik Bharadwaj,2026-09-29,
Label,AccountSummaryTileLicensesUnassigned,Create,Deployed to DevGss,Karthik Bharadwaj,2026-09-29,
Label,AccountSummaryScoreOf,Create,Deployed to DevGss,Karthik Bharadwaj,2026-09-29,
Label,AccountSummaryOverrideCallout,Create,Deployed to DevGss,Karthik Bharadwaj,2026-09-29,
Label,AccountSummaryRoutingHeading,Create,Deployed to DevGss,Karthik Bharadwaj,2026-09-29,
Label,AccountSummaryAmberFloor,Create,Deployed to DevGss,Karthik Bharadwaj,2026-09-29,
Label,AccountSummaryRisks,Create,Deployed to DevGss,Karthik Bharadwaj,2026-09-29,
Label,AccountSummaryGrowth,Create,Deployed to DevGss,Karthik Bharadwaj,2026-09-29,
Label,AccountSummaryNoRisks,Create,Deployed to DevGss,Karthik Bharadwaj,2026-09-29,
Label,AccountSummaryNoGrowth,Create,Deployed to DevGss,Karthik Bharadwaj,2026-09-29,
Label,AccountSummaryWhenToday,Create,Deployed to DevGss,Karthik Bharadwaj,2026-09-29,
Label,AccountSummaryWhenThisWeek,Create,Deployed to DevGss,Karthik Bharadwaj,2026-09-29,
Label,AccountSummaryWhenPostClose,Create,Deployed to DevGss,Karthik Bharadwaj,2026-09-29,
Label,AccountSummaryLaneSales,Create,Deployed to DevGss,Karthik Bharadwaj,2026-09-29,
Label,AccountSummaryLaneService,Create,Deployed to DevGss,Karthik Bharadwaj,2026-09-29,
Label,AccountSummaryColName,Create,Deployed to DevGss,Karthik Bharadwaj,2026-09-29,
Label,AccountSummaryColStage,Create,Deployed to DevGss,Karthik Bharadwaj,2026-09-29,
Label,AccountSummaryColAmount,Create,Deployed to DevGss,Karthik Bharadwaj,2026-09-29,
Label,AccountSummaryColCloseDate,Create,Deployed to DevGss,Karthik Bharadwaj,2026-09-29,
Label,AccountSummaryColSubject,Create,Deployed to DevGss,Karthik Bharadwaj,2026-09-29,
Label,AccountSummaryColPriority,Create,Deployed to DevGss,Karthik Bharadwaj,2026-09-29,
Label,AccountSummaryColOwner,Create,Deployed to DevGss,Karthik Bharadwaj,2026-09-29,
Label,AccountSummaryColAge,Create,Deployed to DevGss,Karthik Bharadwaj,2026-09-29,
Label,AccountSummaryColClosed,Create,Deployed to DevGss,Karthik Bharadwaj,2026-09-29,
Label,AccountSummaryColContact,Create,Deployed to DevGss,Karthik Bharadwaj,2026-09-29,
Label,AccountSummaryColRole,Create,Deployed to DevGss,Karthik Bharadwaj,2026-09-29,
Label,AccountSummaryColLastActivity,Create,Deployed to DevGss,Karthik Bharadwaj,2026-09-29,
Label,AccountSummaryAgeDays,Create,Deployed to DevGss,Karthik Bharadwaj,2026-09-29,
Label,AccountSummaryDaysAgo,Create,Deployed to DevGss,Karthik Bharadwaj,2026-09-29,
Label,AccountSummaryNextStep,Create,Deployed to DevGss,Karthik Bharadwaj,2026-09-29,
Label,AccountSummaryAgreementHeading,Create,Deployed to DevGss,Karthik Bharadwaj,2026-09-29,
Label,AccountSummaryNoOpenOpportunities,Create,Deployed to DevGss,Karthik Bharadwaj,2026-09-29,
Label,AccountSummaryOpenCasesHeading,Create,Deployed to DevGss,Karthik Bharadwaj,2026-09-29,
Label,AccountSummaryClosedCasesHeading,Create,Deployed to DevGss,Karthik Bharadwaj,2026-09-29,
Label,AccountSummaryNoOpenCases,Create,Deployed to DevGss,Karthik Bharadwaj,2026-09-29,
Label,AccountSummaryNoClosedCases,Create,Deployed to DevGss,Karthik Bharadwaj,2026-09-29,
Label,AccountSummaryEscalatedChip,Create,Deployed to DevGss,Karthik Bharadwaj,2026-09-29,
Label,AccountSummaryNoContacts,Create,Deployed to DevGss,Karthik Bharadwaj,2026-09-29,
Label,AccountSummaryAccountTeamHeading,Create,Deployed to DevGss,Karthik Bharadwaj,2026-09-29,
Label,AccountSummaryOpenNow,Create,Deployed to DevGss,Karthik Bharadwaj,2026-09-29,
Label,AccountSummaryNoHistory,Create,Deployed to DevGss,Karthik Bharadwaj,2026-09-29,
Label,AccountSummaryResearchDisclaimer,Create,Deployed to DevGss,Karthik Bharadwaj,2026-09-29,
Label,AccountSummaryResearchSources,Create,Deployed to DevGss,Karthik Bharadwaj,2026-09-29,
