"Component Type","Component Name","Action","Status","Developer","Deployment Date","Notes"
"Apex Class","GCPCalloutForOpportunitySummary","Modify","Deployed to DevGss","","2026-10-01","Label-backed configuration; endpoint unchanged. 2026-10-01 (commit d1bf12e, deploy 0AfTH00000IKHdR0AX): request adds opportunity.dealMotion (Order_Type__c), sector (Account.Sector__c), isClosed/isWon, lossReason/lossReasonDetail/lostToCompetitor (max 300 chars), viewerTimeZone/viewerLocale, cases/tasks/events[].id, tasks[].taskSubtype; conversationEvidence sent regardless of the enrichment toggle; related opportunities ordered by CloseDate DESC before the 25-row limit. Response passes deal_state and salesforce_fields; keeps record_references only for Ids sent; adds links for every sent record with a quotable name (owner, Account, related Opportunities, Contacts, Product2, Case, Task, Event), while records GCP referenced keep only the GCP link."
"Apex Class","GCPCalloutForOpportunitySummaryTest","Create","Deployed to DevGss","","2026-10-01","Created in baseline commit 4a375fc. 2026-10-01 (commit d1bf12e, deploy 0AfTH00000IKHdR0AX): 39 Apex tests passed; controller coverage 88.45%."
"Label","OpportunitySummaryActivityDays","Create","Deployed to DevGss","","2026-09-28","Activity lookback days: 1-365; do not translate"
"Label","OpportunitySummaryCacheHours","Create","Deployed to DevGss","","2026-09-28","Browser cache hours: 0.0167-24; do not translate"
"Label","OpportunitySummaryCacheMaxKB","Create","Deployed to DevGss","","2026-09-28","Browser cache KiB: 1-512; do not translate"
"Label","OpportunitySummaryClosedCaseMonths","Create","Deployed to DevGss","","2026-09-28","Closed case lookback months: 1-24; do not translate"
"Label","OpportunitySummaryElapsed","Create","Deployed to DevGss","","2026-09-28","Opportunity Summary elapsed text"
"Label","OpportunitySummaryEmptyMessage","Create","Deployed to DevGss","","2026-09-28","Opportunity Summary empty message text"
"Label","OpportunitySummaryErrorEyebrow","Create","Deployed to DevGss","","2026-09-28","Opportunity Summary error eyebrow text"
"Label","OpportunitySummaryErrorIcon","Create","Deployed to DevGss","","2026-09-28","Opportunity Summary error icon text"
"Label","OpportunitySummaryErrorTitle","Create","Deployed to DevGss","","2026-09-28","Opportunity Summary error title text"
"Label","OpportunitySummaryGenerateButton","Create","Deployed to DevGss","","2026-09-28","Opportunity Summary generate button text"
"Label","OpportunitySummaryGeneratedHour","Create","Deployed to DevGss","","2026-09-28","Opportunity Summary generated hour text"
"Label","OpportunitySummaryGeneratedHours","Create","Deployed to DevGss","","2026-09-28","Opportunity Summary generated hours text"
"Label","OpportunitySummaryGeneratedMinute","Create","Deployed to DevGss","","2026-09-28","Opportunity Summary generated minute text"
"Label","OpportunitySummaryGeneratedMinutes","Create","Deployed to DevGss","","2026-09-28","Opportunity Summary generated minutes text"
"Label","OpportunitySummaryGeneratedNow","Create","Deployed to DevGss","","2026-09-28","Opportunity Summary generated now text"
"Label","OpportunitySummaryGenericEmailDomains","Create","Deployed to DevGss","","2026-09-28","Generic email domains, one per line; do not translate"
"Label","OpportunitySummaryGenericError","Create","Deployed to DevGss","","2026-09-28","Opportunity Summary generic error text"
"Label","OpportunitySummaryIdleEyebrow","Create","Deployed to DevGss","","2026-09-28","Opportunity Summary idle eyebrow text"
"Label","OpportunitySummaryIdleHint","Create","Deployed to DevGss","","2026-09-28","Opportunity Summary idle hint text"
"Label","OpportunitySummaryIdleTitle","Create","Deployed to DevGss","","2026-09-28","Opportunity Summary idle title text"
"Label","OpportunitySummaryLoading1","Create","Deployed to DevGss","","2026-09-28","Opportunity Summary loading1 text"
"Label","OpportunitySummaryLoading2","Create","Deployed to DevGss","","2026-09-28","Opportunity Summary loading2 text"
"Label","OpportunitySummaryLoading3","Create","Deployed to DevGss","","2026-09-28","Opportunity Summary loading3 text"
"Label","OpportunitySummaryLoading4","Create","Deployed to DevGss","","2026-09-28","Opportunity Summary loading4 text"
"Label","OpportunitySummaryLoading5","Create","Deployed to DevGss","","2026-09-28","Opportunity Summary loading5 text"
"Label","OpportunitySummaryLoading6","Create","Deployed to DevGss","","2026-09-28","Opportunity Summary loading6 text"
"Label","OpportunitySummaryLoading7","Create","Deployed to DevGss","","2026-09-28","Opportunity Summary loading7 text"
"Label","OpportunitySummaryLoading8","Create","Deployed to DevGss","","2026-09-28","Opportunity Summary loading8 text"
"Label","OpportunitySummaryMaxActivities","Create","Deployed to DevGss","","2026-09-28","Tasks and events cap EACH: 1-50; do not translate"
"Label","OpportunitySummaryMaxClosedCases","Create","Deployed to DevGss","","2026-09-28","Closed case cap: 1-50; do not translate"
"Label","OpportunitySummaryMaxConversationItems","Create","Deployed to DevGss","","2026-09-28","Conversation evidence cap: 1-10; do not translate"
"Label","OpportunitySummaryMaxHistoryRows","Create","Deployed to DevGss","","2026-09-28","Stage and field history cap EACH: 1-50; do not translate"
"Label","OpportunitySummaryMaxLineItems","Create","Deployed to DevGss","","2026-09-28","Line item cap: 1-50; do not translate"
"Label","OpportunitySummaryMaxOpenCases","Create","Deployed to DevGss","","2026-09-28","Open case cap: 1-50; do not translate"
"Label","OpportunitySummaryMaxRelatedOpps","Create","Deployed to DevGss","","2026-09-28","Related opportunities cap: 1-25; do not translate"
"Label","OpportunitySummaryMaxStakeholders","Create","Deployed to DevGss","","2026-09-28","Stakeholder cap: 1-25; do not translate"
"Label","OpportunitySummaryMissingRecord","Create","Deployed to DevGss","","2026-09-28","Opportunity Summary missing record text"
"Label","OpportunitySummaryPoweredBy","Create","Deployed to DevGss","","2026-09-28","Opportunity Summary powered by text"
"Label","OpportunitySummaryReadyEyebrow","Create","Deployed to DevGss","","2026-09-28","Opportunity Summary ready eyebrow text"
"Label","OpportunitySummaryReadyHint","Create","Deployed to DevGss","","2026-09-28","Opportunity Summary ready hint text"
"Label","OpportunitySummaryReadyIcon","Create","Deployed to DevGss","","2026-09-28","Opportunity Summary ready icon text"
"Label","OpportunitySummaryReadyTitle","Create","Deployed to DevGss","","2026-09-28","Opportunity Summary ready title text"
"Label","OpportunitySummaryRecentDays","Create","Deployed to DevGss","","2026-09-28","Recent evidence days: 1-365; replaces setting; do not translate"
"Label","OpportunitySummaryRefreshButton","Create","Deployed to DevGss","","2026-09-28","Opportunity Summary refresh button text"
"Label","OpportunitySummaryResearchDisclaimer","Create","Deployed to DevGss","","2026-09-28","Opportunity Summary research disclaimer text"
"Label","OpportunitySummaryResearchGroups","Create","Deployed to DevGss","","2026-09-28","JSON research kind/label/order/active array; do not translate"
"Label","OpportunitySummaryResearchHelper","Create","Deployed to DevGss","","2026-09-28","Opportunity Summary research helper text"
"Label","OpportunitySummaryRetryButton","Create","Deployed to DevGss","","2026-09-28","Opportunity Summary retry button text"
"Label","OpportunitySummarySearchLimitation","Create","Deployed to DevGss","","2026-09-28","Opportunity Summary search limitation text"
"Label","OpportunitySummaryServerError","Create","Deployed to DevGss","","2026-09-28","Opportunity Summary server error text"
"Label","OpportunitySummarySupplementalHelper","Create","Deployed to DevGss","","2026-09-28","Opportunity Summary supplemental helper text"
"Label","OpportunitySummaryTimeoutSeconds","Create","Deployed to DevGss","","2026-09-28","GCP timeout seconds: 1-120; do not translate"
"Label","OpportunitySummaryUnresolvedNames","Create","Deployed to DevGss","","2026-09-28","Excluded account names, one per line; do not translate"
"Label","OpportunitySummaryViewButton","Create","Deployed to DevGss","","2026-09-28","Opportunity Summary view button text"
"Label","OpportunitySummaryWorkingEyebrow","Create","Deployed to DevGss","","2026-09-28","Opportunity Summary working eyebrow text"
"Label","OpportunitySummaryWorkingHint","Create","Deployed to DevGss","","2026-09-28","Opportunity Summary working hint text"
"Label","OpportunitySummaryWorkingTitle","Create","Deployed to DevGss","","2026-09-28","Opportunity Summary working title text"
"Lightning Web Component","opportunitySummary","Modify","Deployed to DevGss","","2026-10-01","Configurable cache and UI. 2026-10-01 (commit d1bf12e, deploy 0AfTH00000IKHdR0AX): closed deals hide Risk Flags/Win Factors/Close Plan and show Post-Close Actions; record names link via NavigationMixin (no underline, focus outline kept); ISO research dates via lightning-formatted-date-time; Salesforce field chips labelled from field labels; bolded [E#] citations become badges and cited supplemental findings show as used research; plain-text plan labels; label matching tolerates punctuation, U+202F/U+00A0 and time colons; 92 LWC tests passed."
"Custom Field","GCP_Feature_Toggle__c.Enable_Opportunity_Summary_Enrichment__c","Create","Not deployed in this run","","","Created in baseline commit 4a375fc (included). Historical deployment date not verified; feature toggle remains in use."
"Custom Field","GCP_Feature_Toggle__c.Opportunity_Summary_Recent_Days__c","Create","Not deployed in this run","","","Created in baseline commit 4a375fc (included). Historical deployment date not verified; retained field is no longer read by Opportunity Summary."
